Date,Open,High,Low,End,Amount
2024110700:12:50,13645,13645,13640,13640,141392240
2024110700:12:51,13640,13645,13640,13640,9889000
2024110700:12:52,13645,13645,13640,13640,41520160
2024110700:12:53,13640,13645,13640,13640,7256480
2024110700:12:54,13640,13645,13640,13645,24697450
2024110700:12:55,13645,13645,13640,13645,7545685
2024110700:12:56,13645,13650,13645,13645,59915195
2024110700:12:57,13645,13650,13645,13650,4381650
2024110700:12:58,13645,13650,13645,13645,20085440
2024110700:12:59,13650,13650,13645,13650,11056500
2024110700:13:00,13650,13655,13650,13650,25566450
2024110700:13:01,13650,13655,13645,13645,5935575
2024110700:13:02,13645,13650,13645,13650,46819500
2024110700:13:03,13650,13655,13650,13655,7114255
2024110700:13:04,13650,13655,13650,13650,16789500
2024110700:13:05,13650,13655,13650,13650,84206850
2024110700:13:06,13650,13650,13650,13650,1201200
2024110700:13:07,13650,13655,13650,13655,4670010
2024110700:13:08,13650,13650,13645,13650,13977600
2024110700:13:09,13645,13650,13645,13645,44755600
2024110700:13:10,13645,13650,13645,13645,4038920
2024110700:13:11,13645,13650,13645,13650,12244050
2024110700:13:12,13650,13650,13645,13650,49044450
2024110700:13:13,13650,13650,13645,13645,4489205
2024110700:13:14,13645,13650,13645,13650,18140850
2024110700:13:15,13650,13650,13645,13645,4052565
2024110700:13:16,13650,13650,13645,13650,4449900
2024110700:13:17,13650,13650,13645,13645,14395475
2024110700:13:18,13650,13650,13650,13650,40950
2024110700:13:19,13645,13645,13640,13645,36036445
2024110700:13:20,13640,13645,13640,13640,3696440
2024110700:13:21,13645,13645,13640,13645,63080835
2024110700:13:22,13645,13645,13640,13645,12403305
2024110700:13:23,13645,13645,13640,13640,2905320
2024110700:13:24,13640,13645,13640,13640,231880
2024110700:13:25,13640,13640,13640,13640,1636800
2024110700:13:26,13640,13640,13635,13640,75838400
2024110700:13:27,13635,13640,13635,13635,3313305
2024110700:13:28,13640,13645,13640,13645,24356325
2024110700:13:29,13645,13645,13640,13645,20876850
2024110700:13:30,13640,13645,13640,13645,6617825
2024110700:13:31,13645,13650,13640,13650,113240400
2024110700:13:32,13645,13650,13645,13645,10220105
2024110700:13:33,13645,13645,13640,13640,63016800
2024110700:13:34,13645,13650,13645,13645,10342910
2024110700:13:35,13645,13645,13640,13645,9851690
2024110700:13:36,13645,13645,13640,13645,25406990
2024110700:13:37,13650,13650,13650,13650,126699300
2024110700:13:38,13650,13655,13645,13655,17041440
2024110700:13:39,13650,13650,13645,13645,26498590
2024110700:13:40,13645,13645,13645,13645,37250850
2024110700:13:41,13650,13650,13645,13645,3943405
2024110700:13:42,13650,13650,13645,13650,22181250
2024110700:13:43,13650,13650,13640,13650,361506600
2024110700:13:44,13645,13650,13645,13645,48262365
2024110700:13:45,13650,13650,13645,13645,39597790
2024110700:13:46,13645,13655,13645,13655,48639110
2024110700:13:47,13655,13655,13650,13650,27941550
2024110700:13:48,13650,13650,13645,13650,43338750
2024110700:13:49,13645,13645,13645,13645,16837930
2024110700:13:50,13645,13645,13640,13640,23024320
2024110700:13:51,13645,13650,13640,13650,17635800
2024110700:13:52,13650,13650,13640,13650,311561250
2024110700:13:53,13650,13650,13645,13645,25843630
2024110700:13:54,13650,13655,13645,13650,59554950
2024110700:13:55,13650,13650,13650,13650,66066000
2024110700:13:56,13650,13650,13640,13640,58174600
2024110700:13:57,13645,13650,13645,13650,11930100
2024110700:13:58,13650,13655,13645,13650,38684100
2024110700:13:59,13650,13650,13650,13650,25020450
2024110700:14:00,13650,13650,13645,13645,79946055
2024110700:14:01,13650,13650,13645,13650,18468450
2024110700:14:02,13650,13655,13650,13650,18796050
2024110700:14:03,13655,13655,13650,13650,2757300
2024110700:14:04,13655,13655,13645,13645,84571710
2024110700:14:05,13650,13650,13650,13650,1419600
2024110700:14:06,13650,13655,13650,13655,1761495
2024110700:14:07,13655,13655,13650,13655,3891675
2024110700:14:08,13650,13655,13650,13655,236436325
2024110700:14:09,13655,13660,13655,13660,67603340
2024110700:14:10,13660,13660,13655,13660,28180580
2024110700:14:11,13660,13660,13655,13660,39368120
2024110700:14:12,13655,13665,13655,13660,84555400
2024110700:14:13,13660,13660,13655,13660,105496180
2024110700:14:14,13655,13665,13655,13665,40038450
2024110700:14:15,13665,13665,13660,13660,132556640
2024110700:14:16,13660,13665,13660,13665,85788870
2024110700:14:17,13665,13665,13660,13660,100455640
2024110700:14:18,13660,13665,13660,13665,55438905
2024110700:14:19,13665,13670,13660,13660,119333760
2024110700:14:20,13660,13660,13655,13655,69736085
2024110700:14:21,13660,13660,13655,13660,88421180
2024110700:14:22,13660,13660,13655,13660,83954360
2024110700:14:23,13660,13660,13650,13650,49508550
2024110700:14:24,13655,13655,13650,13655,100582730
2024110700:14:25,13650,13655,13650,13650,42478800
2024110700:14:26,13655,13655,13650,13650,88411050
2024110700:14:27,13650,13655,13650,13650,46942350
2024110700:14:28,13655,13655,13650,13655,70022840
2024110700:14:29,13655,13655,13655,13655,70582695
2024110700:14:30,13655,13655,13650,13650,129702300
2024110700:14:31,13650,13655,13650,13655,42917665
2024110700:14:32,13655,13655,13650,13650,83961150
2024110700:14:33,13650,13655,13650,13650,107507400
2024110700:14:34,13655,13660,13650,13660,44285720
2024110700:14:35,13660,13660,13655,13660,94486220
2024110700:14:36,13660,13660,13655,13655,64711045
2024110700:14:37,13660,13660,13655,13660,85074480
2024110700:14:38,13655,13660,13655,13660,130698880
2024110700:14:39,13660,13660,13650,13655,129927325
2024110700:14:40,13655,13660,13655,13655,104638265
2024110700:14:41,13655,13655,13650,13655,107355610
2024110700:14:42,13650,13655,13645,13650,102893700
2024110700:14:43,13655,13660,13655,13660,95660980
2024110700:14:44,13660,13660,13650,13660,75471500
2024110700:14:45,13660,13660,13655,13655,76304140
2024110700:14:46,13660,13665,13660,13660,96917700
2024110700:14:47,13665,13665,13660,13665,45231150
2024110700:14:48,13665,13665,13655,13660,115809480
2024110700:14:49,13660,13665,13655,13660,139359320
2024110700:14:50,13665,13665,13655,13660,86126300
2024110700:14:51,13660,13665,13660,13665,46597650
2024110700:14:52,13665,13665,13660,13665,79024695
2024110700:14:53,13665,13665,13660,13660,92396240
2024110700:14:54,13670,13670,13665,13665,447077805
2024110700:14:55,13665,13675,13665,13675,69605750
2024110700:14:56,13675,13675,13670,13670,65274250
2024110700:14:57,13675,13675,13670,13675,92853250
2024110700:14:58,13675,13675,13670,13675,120121200
2024110700:14:59,13680,13680,13675,13675,208106150
2024110700:15:00,13670,13675,13670,13670,52328760
2024110700:15:01,13670,13680,13670,13680,135691920
2024110700:15:02,13680,13685,13680,13680,80041680
2024110700:15:03,13680,13680,13675,13675,142671275
2024110700:15:04,13680,13680,13670,13670,175468120
2024110700:15:05,13675,13675,13675,13675,71684350
2024110700:15:06,13675,13675,13670,13675,179552750
2024110700:15:07,13675,13680,13670,13675,71479225
2024110700:15:08,13670,13685,13670,13670,183738470
2024110700:15:09,13670,13670,13665,13670,64795800
2024110700:15:10,13670,13670,13660,13665,103430385
2024110700:15:11,13665,13665,13660,13665,137524560
2024110700:15:12,13665,13665,13660,13665,87018720
2024110700:15:13,13665,13665,13660,13660,149358440
2024110700:15:14,13665,13665,13660,13665,115045635
2024110700:15:15,13665,13670,13660,13665,118926495
2024110700:15:16,13665,13665,13660,13665,35966280
2024110700:15:17,13665,13665,13655,13660,41622020
2024110700:15:18,13660,13660,13655,13655,41934505
2024110700:15:19,13660,13660,13655,13655,28183920
2024110700:15:20,13660,13665,13655,13665,82126650
2024110700:15:30,13665,13665,13665,13665,178041285
2024110800:09:01,13940,13950,13905,13910,293556640
2024110800:09:02,13910,13910,13860,13900,208305400
2024110800:09:03,13880,13900,13870,13900,190221500
2024110800:09:04,13895,13985,13885,13970,347964760
2024110800:09:05,13975,13995,13975,13990,316271930
2024110800:09:06,13995,14015,13995,14005,216209190
2024110800:09:07,14005,14005,13990,14000,118076000
2024110800:09:08,14000,14005,13995,14000,118860000
2024110800:09:09,14000,14005,13995,14000,169050000
2024110800:09:10,14000,14005,13995,14000,374402000
2024110800:09:11,14000,14010,14000,14010,104738760
2024110800:09:12,14005,14010,14000,14000,160468000
2024110800:09:13,14005,14010,14000,14005,180328380
2024110800:09:14,14010,14010,14005,14005,73372195
2024110800:09:15,14005,14010,14000,14005,70725250
2024110800:09:16,14000,14005,14000,14000,338632000
2024110800:09:17,14000,14010,14000,14010,57132780
2024110800:09:18,14010,14010,14005,14005,87013065
2024110800:09:19,14005,14010,14000,14005,100527890
2024110800:09:20,14005,14005,14000,14000,145768000
2024110800:09:21,14005,14005,13995,14000,114268000
2024110800:09:22,14000,14000,13990,13995,237033315
2024110800:09:23,13995,13995,13990,13990,60184980
2024110800:09:24,13990,14000,13990,14000,71540000
2024110800:09:25,13995,13995,13990,13995,24757155
2024110800:09:26,13995,13995,13990,13995,88532370
2024110800:09:27,13995,14005,13995,14005,204879145
2024110800:09:28,14005,14005,13995,14000,51590000
2024110800:09:29,14000,14005,13995,13995,68365575
2024110800:09:30,14000,14005,14000,14005,59661300
2024110800:09:31,14005,14010,14000,14005,192666785
2024110800:09:32,14005,14005,14000,14000,60466000
2024110800:09:33,14000,14000,13995,14000,93016000
2024110800:09:34,14000,14000,13995,14000,160916000
2024110800:09:35,14005,14005,14000,14000,79268000
2024110800:09:36,14005,14005,14000,14005,84702240
2024110800:09:37,14005,14005,14000,14000,45136000
2024110800:09:38,14005,14010,14000,14000,116704000
2024110800:09:39,14000,14005,14000,14005,53625145
2024110800:09:40,14005,14010,14000,14000,67956000
2024110800:09:41,14005,14010,14000,14010,30667890
2024110800:09:42,14010,14015,14010,14015,157808900
2024110800:09:43,14010,14015,14010,14015,49977490
2024110800:09:44,14020,14025,14015,14025,116211150
2024110800:09:45,14025,14030,14025,14030,133116640
2024110800:09:46,14030,14030,14020,14020,110113080
2024110800:09:47,14025,14030,14025,14030,63135000
2024110800:09:48,14025,14030,14020,14030,67273850
2024110800:09:49,14030,14035,14025,14035,111648425
2024110800:09:50,14030,14035,14025,14030,93916820
2024110800:09:51,14030,14030,14025,14030,23373980
2024110800:09:52,14030,14030,14015,14015,549780420
2024110800:09:53,14020,14025,14015,14020,113533960
2024110800:09:54,14020,14020,14020,14020,94102240
2024110800:09:55,14020,14025,14020,14025,40027350
2024110800:09:56,14025,14025,14020,14020,125282720
2024110800:09:57,14015,14025,14015,14025,92186325
2024110800:09:58,14020,14025,14020,14020,99289640
2024110800:09:59,14020,14020,14015,14020,139050360
2024110800:10:00,14015,14020,14015,14020,31615100
2024110800:10:01,14025,14025,14020,14020,79661640
2024110800:10:02,14015,14020,14015,14015,158173290
2024110800:10:03,14015,14015,14010,14015,50089610
2024110800:10:04,14015,14020,14010,14015,65506110
2024110800:10:05,14015,14015,14010,14015,56214165
2024110800:10:06,14015,14020,14010,14015,90172510
2024110800:10:07,14015,14015,14010,14015,13510460
2024110800:10:08,14015,14020,14010,14015,22311880
2024110800:10:09,14015,14015,14010,14015,26978875
2024110800:10:10,14010,14015,14010,14015,37181795
2024110800:10:11,14015,14015,14015,14015,8871495
2024110800:10:12,14015,14015,14010,14010,105523320
2024110800:10:13,14010,14020,14010,14020,22866620
2024110800:10:14,14020,14020,14015,14020,1121600
2024110800:10:15,14020,14020,14015,14015,41021905
2024110800:10:16,14020,14020,14020,14020,27955880
2024110800:10:17,14020,14025,14015,14020,65922040
2024110800:10:18,14025,14030,14020,14030,53692810
2024110800:10:19,14030,14035,14025,14035,147774515
2024110800:10:20,14035,14050,14030,14045,261349360
2024110800:10:21,14045,14050,14045,14045,28146180
2024110800:10:22,14050,14050,14040,14045,33595640
2024110800:10:23,14050,14050,14050,14050,22985800
2024110800:10:24,14050,14065,14045,14065,533358865
2024110800:10:25,14065,14065,14060,14060,343148360
2024110800:10:26,14060,14085,14060,14085,759843495
2024110800:10:27,14080,14080,14075,14080,11348480
2024110800:10:28,14080,14085,14080,14080,45408000
2024110800:10:29,14080,14085,14080,14080,21500160
2024110800:10:30,14080,14080,14070,14080,142728960
2024110800:10:31,14080,14085,14080,14080,325656320
2024110800:10:32,14085,14085,14080,14085,30550365
2024110800:10:33,14085,14085,14070,14080,45788160
2024110800:10:34,14075,14080,14075,14080,14122240
2024110800:10:35,14080,14085,14080,14085,137201985
2024110800:10:36,14085,14095,14085,14090,34703670
2024110800:10:37,14090,14090,14075,14080,42310400
2024110800:10:38,14080,14080,14075,14075,82071325
2024110800:10:39,14075,14075,14065,14075,20422825
2024110800:10:40,14075,14080,14070,14070,90062070
2024110800:10:41,14070,14070,14055,14060,275168260
2024110800:10:42,14060,14060,14055,14055,51595905
2024110800:10:43,14060,14060,14055,14055,92748945
2024110800:10:44,14055,14060,14055,14060,111158360
2024110800:10:45,14060,14065,14060,14065,45500275
2024110800:10:46,14065,14065,14060,14065,64277050
2024110800:10:47,14065,14070,14065,14070,41759760
2024110800:10:48,14070,14070,14060,14060,122631320
2024110800:10:49,14060,14070,14060,14065,35007785
2024110800:10:50,14060,14065,14055,14055,45355485
2024110800:10:51,14055,14060,14055,14055,59002890
2024110800:10:52,14055,14060,14055,14060,19908960
2024110800:10:53,14060,14060,14045,14045,71938490
2024110800:10:54,14055,14055,14050,14050,4945600
2024110800:10:55,14055,14060,14055,14055,110219310
2024110800:10:56,14055,14055,14050,14055,25383330
2024110800:10:57,14055,14060,14055,14060,29272920
2024110800:10:58,14060,14060,14055,14055,24497865
2024110800:10:59,14055,14055,14045,14050,78455200
2024110800:11:00,14050,14085,14050,14085,123384600
2024110800:11:01,14085,14085,14080,14080,13207040
2024110800:11:02,14085,14085,14080,14080,51955200
2024110800:11:03,14080,14095,14080,14090,71224950
2024110800:11:04,14085,14095,14085,14095,3326420
2024110800:11:05,14095,14095,14085,14090,54500120
2024110800:11:06,14090,14095,14085,14085,43663500
2024110800:11:07,14090,14095,14090,14095,21325735
2024110800:11:08,14095,14095,14090,14090,27644580
2024110800:11:09,14090,14095,14085,14090,63038660
2024110800:11:10,14095,14095,14090,14090,8256740
2024110800:11:11,14095,14095,14090,14095,51841410
2024110800:11:12,14095,14100,14090,14095,31854700
2024110800:11:13,14090,14095,14090,14095,88699835
2024110800:11:14,14095,14095,14090,14090,91091850
2024110800:11:15,14090,14090,14090,14090,44749840
2024110800:11:16,14090,14090,14080,14085,69424965
2024110800:11:17,14085,14090,14085,14085,43846605
2024110800:11:18,14085,14090,14080,14080,22161920
2024110800:11:19,14090,14090,14085,14085,72847620
2024110800:11:20,14085,14085,14085,14085,1295820
2024110800:11:21,14085,14090,14080,14080,32496640
2024110800:11:22,14080,14090,14080,14090,13455950
2024110800:11:23,14090,14090,14090,14090,15992150
2024110800:11:24,14090,14090,14085,14085,132117300
2024110800:11:25,14085,14090,14085,14090,41227340
2024110800:11:26,14085,14090,14085,14090,14033640
2024110800:11:27,14090,14090,14090,14090,9214860
2024110800:11:28,14090,14090,14085,14090,68266050
2024110800:11:29,14085,14090,14085,14090,17499780
2024110800:11:30,14090,14090,14090,14090,28954950
2024110800:11:31,14090,14095,14090,14090,22417190
2024110800:11:32,14090,14090,14090,14090,24981570
2024110800:11:33,14090,14095,14090,14090,14611330
2024110800:11:34,14090,14095,14090,14095,310090
2024110800:11:35,14090,14090,14085,14085,23564205
2024110800:11:36,14090,14095,14090,14095,8767090
2024110800:11:37,14090,14095,14090,14090,89386960
2024110800:11:38,14090,14095,14090,14090,67786990
2024110800:11:39,14085,14095,14085,14085,30127815
2024110800:11:40,14080,14090,14080,14090,19965530
2024110800:11:41,14085,14085,14085,14085,36353385
2024110800:11:42,14085,14085,14080,14085,10972215
2024110800:11:43,14085,14085,14080,14085,43649415
2024110800:11:44,14085,14085,14080,14085,10479240
2024110800:11:45,14085,14085,14085,14085,7225605
2024110800:11:46,14080,14085,14080,14085,61438770
2024110800:11:47,14085,14085,14085,14085,2239515
2024110800:11:48,14080,14080,14075,14080,8800000
2024110800:11:49,14075,14075,14075,14075,10063625
2024110800:11:50,14075,14080,14075,14075,80776425
2024110800:11:51,14080,14080,14075,14080,8293120
2024110800:11:52,14080,14080,14070,14070,32853450
2024110800:11:53,14070,14075,14070,14075,50458875
2024110800:11:54,14075,14080,14075,14080,1365760
2024110800:11:55,14080,14080,14075,14075,11119250
2024110800:11:56,14075,14080,14075,14080,70808320
2024110800:11:57,14080,14080,14080,14080,50448640
2024110800:11:58,14080,14085,14080,14080,27582720
2024110800:11:59,14080,14085,14075,14075,19930200
2024110800:12:00,14080,14080,14075,14075,703750
2024110800:12:01,14080,14080,14075,14080,17783040
2024110800:12:02,14080,14085,14080,14085,38156265
2024110800:12:03,14080,14085,14080,14085,16493535
2024110800:12:04,14085,14085,14085,14085,2507130
2024110800:12:05,14080,14090,14080,14090,24615230
2024110800:12:06,14090,14090,14085,14090,22684900
2024110800:12:07,14090,14090,14090,14090,1521720
2024110800:12:08,14085,14085,14080,14080,60896000
2024110800:12:09,14085,14085,14080,14080,16783360
2024110800:12:10,14085,14085,14080,14080,40719360
2024110800:12:11,14080,14080,14080,14080,1647360
2024110800:12:12,14085,14090,14080,14090,24333430
2024110800:12:13,14090,14090,14080,14090,13160060
2024110800:12:14,14090,14090,14085,14085,28902420
2024110800:12:15,14085,14085,14080,14080,15741440
2024110800:12:16,14080,14085,14080,14085,492975
2024110800:12:17,14085,14085,14075,14075,125661600
2024110800:12:18,14075,14080,14075,14080,15642880
2024110800:12:19,14080,14080,14075,14080,16529920
2024110800:12:20,14075,14075,14075,14075,14046850
2024110800:12:21,14075,14075,14075,14075,13892025
2024110800:12:22,14075,14075,14070,14070,11706240
2024110800:12:23,14070,14075,14070,14075,19254600
2024110800:12:24,14075,14080,14075,14080,28019200
2024110800:12:25,14075,14080,14075,14075,5320350
2024110800:12:26,14075,14080,14075,14075,18198975
2024110800:12:27,14075,14080,14075,14080,25949440
2024110800:12:28,14075,14080,14075,14080,37269760
2024110800:12:29,14080,14080,14080,14080,10320640
2024110800:12:30,14080,14080,14075,14080,50547200
2024110800:12:31,14075,14080,14075,14075,13610525
2024110800:12:32,14075,14080,14075,14075,49065450
2024110800:12:33,14075,14080,14075,14075,31696900
2024110800:12:34,14080,14080,14075,14075,146675575
2024110800:12:35,14075,14080,14075,14080,12348160
2024110800:12:36,14075,14080,14075,14080,17585920
2024110800:12:37,14080,14090,14080,14090,154327770
2024110800:12:38,14090,14090,14090,14090,6509580
2024110800:12:39,14090,14090,14080,14090,3480230
2024110800:12:40,14090,14090,14085,14090,3071620
2024110800:12:41,14090,14090,14085,14090,4917410
2024110800:12:42,14090,14090,14085,14085,46931220
2024110800:12:43,14090,14090,14085,14085,10056690
2024110800:12:44,14090,14090,14085,14090,61601480
2024110800:12:45,14090,14090,14085,14085,9605970
2024110800:12:46,14085,14090,14085,14085,59945760
2024110800:12:47,14085,14085,14080,14080,74581760
2024110800:12:48,14085,14085,14080,14080,25653760
2024110800:12:49,14080,14080,14075,14080,2013440
2024110800:12:50,14080,14080,14075,14080,1802240
2024110800:12:51,14080,14080,14080,14080,14530560
2024110800:12:52,14080,14085,14080,14085,32508180
2024110800:12:53,14085,14085,14080,14085,14352615
2024110800:12:54,14090,14090,14085,14090,2465750
2024110800:12:55,14090,14090,14090,14090,11976500
2024110800:12:56,14090,14095,14090,14090,66617520
2024110800:12:57,14090,14090,14085,14085,33677235
2024110800:12:58,14085,14085,14080,14085,42071895
2024110800:12:59,14080,14085,14080,14080,380160
2024110800:13:00,14085,14085,14080,14085,30423600
2024110800:13:01,14080,14085,14080,14080,159385600
2024110800:13:02,14080,14080,14080,14080,6744320
2024110800:13:03,14075,14085,14075,14080,22260480
2024110800:13:04,14080,14085,14075,14075,52260475
2024110800:13:05,14080,14080,14075,14075,4152125
2024110800:13:06,14080,14080,14075,14080,74286080
2024110800:13:07,14080,14080,14075,14080,19360000
2024110800:13:08,14075,14080,14075,14075,11457050
2024110800:13:09,14075,14080,14075,14075,18114525
2024110800:13:10,14075,14075,14075,14075,12048200
2024110800:13:11,14075,14075,14070,14075,37735075
2024110800:13:12,14075,14075,14070,14070,2659230
2024110800:13:13,14070,14075,14070,14075,7192325
2024110800:13:14,14075,14075,14070,14075,68868975
2024110800:13:15,14075,14075,14070,14070,8765610
2024110800:13:16,14070,14075,14070,14075,5559625
2024110800:13:17,14070,14070,14070,14070,251065080
2024110800:13:18,14070,14070,14060,14065,54178380
2024110800:13:19,14065,14065,14060,14065,2827065
2024110800:13:20,14065,14070,14065,14065,7834205
2024110800:13:21,14065,14065,14060,14060,1968400
2024110800:13:22,14060,14060,14055,14060,19641820
2024110800:13:23,14060,14060,14060,14060,125569860
2024110800:13:24,14065,14065,14060,14065,3459990
2024110800:13:25,14065,14065,14065,14065,1603410
2024110800:13:26,14065,14070,14060,14070,46402860
2024110800:13:27,14070,14070,14065,14065,8973470
2024110800:13:28,14065,14065,14060,14065,15851255
2024110800:13:29,14065,14065,14065,14065,6202665
2024110800:13:30,14065,14065,14060,14060,8660960
2024110800:13:31,14065,14070,14060,14070,29856540
2024110800:13:32,14070,14070,14065,14070,21513030
2024110800:13:33,14070,14070,14070,14070,24960180
2024110800:13:34,14065,14065,14060,14065,50057335
2024110800:13:35,14065,14065,14060,14065,2798935
2024110800:13:36,14065,14065,14060,14065,71084510
2024110800:13:37,14065,14065,14065,14065,15823125
2024110800:13:38,14065,14070,14060,14070,46318440
2024110800:13:39,14075,14075,14075,14075,4504000
2024110800:13:40,14070,14070,14065,14070,16743300
2024110800:13:41,14070,14070,14070,14070,6964650
2024110800:13:42,14070,14075,14070,14070,20936160
2024110800:13:43,14070,14075,14065,14070,19458810
2024110800:13:44,14075,14075,14070,14070,5895330
2024110800:13:45,14070,14070,14065,14070,87360630
2024110800:13:46,14070,14070,14065,14070,34302660
2024110800:13:47,14070,14080,14070,14080,45830400
2024110800:13:48,14080,14080,14080,14080,108289280
2024110800:13:49,14080,14080,14080,14080,105783040
2024110800:13:50,14080,14080,14075,14075,14342425
2024110800:13:51,14080,14080,14075,14080,208975360
2024110800:13:52,14075,14080,14075,14075,229281750
2024110800:13:53,14075,14075,14075,14075,71557300
2024110800:13:54,14070,14070,14065,14065,36765910
2024110800:13:55,14070,14080,14070,14075,20704325
2024110800:13:56,14075,14080,14075,14080,43267840
2024110800:13:57,14080,14080,14080,14080,15333120
2024110800:13:58,14080,14080,14080,14080,21274880
2024110800:13:59,14080,14080,14080,14080,18275840
2024110800:14:00,14080,14080,14080,14080,226490880
2024110800:14:01,14080,14080,14075,14075,81832050
2024110800:14:02,14080,14085,14080,14085,12591990
2024110800:14:03,14085,14085,14080,14080,8574720
2024110800:14:04,14080,14085,14075,14075,49487700
2024110800:14:05,14085,14085,14075,14080,39381760
2024110800:14:06,14080,14080,14075,14075,164916775
2024110800:14:07,14075,14080,14075,14075,22013300
2024110800:14:08,14075,14080,14070,14075,96610800
2024110800:14:09,14070,14075,14070,14070,122282370
2024110800:14:10,14070,14075,14070,14075,53527225
2024110800:14:11,14075,14075,14070,14070,50286180
2024110800:14:12,14070,14075,14070,14070,78426180
2024110800:14:13,14075,14075,14070,14070,27056610
2024110800:14:14,14075,14075,14070,14075,155345775
2024110800:14:15,14075,14075,14070,14075,22843725
2024110800:14:16,14075,14080,14070,14070,53480070
2024110800:14:17,14075,14075,14070,14070,100516080
2024110800:14:18,14075,14075,14065,14070,37398060
2024110800:14:19,14070,14070,14065,14070,62611500
2024110800:14:20,14070,14075,14065,14065,51632615
2024110800:14:21,14065,14070,14065,14065,66780620
2024110800:14:22,14065,14065,14060,14065,96148340
2024110800:14:23,14070,14070,14065,14065,27820570
2024110800:14:24,14065,14065,14055,14065,90114455
2024110800:14:25,14065,14065,14060,14065,43742150
2024110800:14:26,14065,14070,14060,14065,318952005
2024110800:14:27,14070,14070,14060,14060,50194200
2024110800:14:28,14065,14065,14055,14055,61504680
2024110800:14:29,14050,14050,14045,14050,119003500
2024110800:14:30,14050,14050,14040,14040,127735920
2024110800:14:31,14040,14045,14015,14015,84468405
2024110800:14:32,14015,14020,14015,14015,79983605
2024110800:14:33,14020,14020,14010,14010,174690690
2024110800:14:34,14015,14020,13995,13995,265065300
2024110800:14:35,13995,14000,13995,14000,33404000
2024110800:14:36,14000,14000,13985,13990,75979690
2024110800:14:37,13990,13990,13960,13960,111652080
2024110800:14:38,13960,13970,13960,13970,133203950
2024110800:14:39,13965,13965,13940,13940,154957040
2024110800:14:40,13935,13940,13935,13940,134674340
2024110800:14:41,13940,13940,13925,13930,195228950
2024110800:14:42,13930,13930,13925,13930,133992670
2024110800:14:43,13925,13930,13920,13925,251527275
2024110800:14:44,13925,13935,13925,13925,307282975
2024110800:14:45,13930,13930,13925,13925,200631400
2024110800:14:46,13925,13930,13920,13920,236974080
2024110800:14:47,13925,13925,13905,13905,294702570
2024110800:14:48,13900,13900,13880,13880,245134680
2024110800:14:49,13880,13885,13875,13880,616716160
2024110800:14:50,13880,13880,13865,13865,205215865
2024110800:14:51,13870,13875,13865,13865,174601945
2024110800:14:52,13870,13870,13860,13860,254926980
2024110800:14:53,13860,13865,13860,13865,213271430
2024110800:14:54,13860,13865,13860,13860,311891580
2024110800:14:55,13860,13865,13855,13855,180253550
2024110800:14:56,13855,13860,13855,13855,152377290
2024110800:14:57,13855,13860,13840,13860,151295760
2024110800:14:58,13855,13860,13850,13855,534359640
2024110800:14:59,13855,13855,13850,13850,184800550
2024110800:15:00,13850,13855,13850,13850,155867900
2024110800:15:01,13850,13855,13850,13855,295083790
2024110800:15:02,13850,13850,13835,13840,303165200
2024110800:15:03,13845,13850,13840,13845,253197360
2024110800:15:04,13840,13840,13830,13830,193813620
2024110800:15:05,13835,13835,13815,13815,214546950
2024110800:15:06,13810,13810,13795,13795,352531225
2024110800:15:07,13800,13805,13795,13795,323216850
2024110800:15:08,13800,13800,13795,13800,335836800
2024110800:15:09,13795,13805,13795,13800,347373600
2024110800:15:10,13795,13800,13795,13795,291364195
2024110800:15:11,13800,13805,13795,13800,280374600
2024110800:15:12,13805,13805,13800,13805,330408870
2024110800:15:13,13800,13805,13800,13805,259382145
2024110800:15:14,13800,13805,13795,13800,418360800
2024110800:15:15,13800,13815,13800,13810,288338990
2024110800:15:16,13810,13825,13810,13825,226453500
2024110800:15:17,13820,13825,13820,13825,269753400
2024110800:15:18,13830,13845,13825,13845,206830455
2024110800:15:19,13845,13850,13840,13850,193110550
2024110800:15:20,13845,13865,13845,13865,158740385
2024110800:15:30,13860,13860,13860,13860,219902760
2024111100:09:01,14910,15000,14910,15000,873000000
2024111100:09:02,15005,15060,15000,15025,654819550
2024111100:09:03,15025,15030,15000,15000,579135000
2024111100:09:04,15005,15025,15000,15015,694233540
2024111100:09:05,15010,15015,15005,15010,460897060
2024111100:09:06,15010,15010,15000,15005,546287035
2024111100:09:07,15000,15005,14995,14995,644934950
2024111100:09:08,15000,15000,14995,15000,581490000
2024111100:09:09,14995,15005,14990,14995,726612715
2024111100:09:10,15000,15005,14990,15005,447989280
2024111100:09:11,15005,15010,15000,15000,456615000
2024111100:09:12,15000,15005,14995,15005,169361435
2024111100:09:13,15000,15005,15000,15005,163989645
2024111100:09:14,15005,15020,15000,15000,315990000
2024111100:09:15,15000,15010,14995,15005,643234340
2024111100:09:16,15005,15010,15005,15010,352825060
2024111100:09:17,15010,15015,15005,15010,144381190
2024111100:09:18,15010,15020,15010,15010,164284450
2024111100:09:19,15010,15015,15000,15005,542910910
2024111100:09:20,15000,15005,14995,14995,295581440
2024111100:09:21,14995,15000,14990,14995,146801050
2024111100:09:22,14995,14995,14985,14990,144938310
2024111100:09:23,14990,14990,14975,14985,673845480
2024111100:09:24,14980,14995,14980,14990,231580510
2024111100:09:25,14995,14995,14985,14990,140231450
2024111100:09:26,14990,14995,14985,14990,204748410
2024111100:09:27,14990,14995,14990,14990,76344070
2024111100:09:28,14990,14995,14990,14995,227744060
2024111100:09:29,14995,14995,14985,14990,90254790
2024111100:09:30,14985,14990,14985,14990,108422670
2024111100:09:31,14990,14995,14980,14995,270374845
2024111100:09:32,14990,14990,14980,14985,376108515
2024111100:09:33,14985,14990,14980,14985,44640315
2024111100:09:34,14985,14990,14980,14985,96967935
2024111100:09:35,14985,14990,14980,14985,152787060
2024111100:09:36,14985,14985,14975,14980,146878900
2024111100:09:37,14980,14985,14975,14980,146234760
2024111100:09:38,14980,14980,14975,14980,49194320
2024111100:09:39,14975,14980,14970,14975,378912425
2024111100:09:40,14970,14975,14970,14975,53505675
2024111100:09:41,14975,14980,14975,14980,101923920
2024111100:09:42,14980,14985,14975,14985,234844920
2024111100:09:43,14980,14985,14975,14980,163776340
2024111100:09:44,14980,14980,14970,14970,275522850
2024111100:09:45,14975,14975,14965,14965,175105465
2024111100:09:46,14970,14975,14970,14975,57683700
2024111100:09:47,14975,14980,14975,14980,128438520
2024111100:09:48,14980,14980,14975,14980,41509580
2024111100:09:49,14980,14980,14970,14980,121502780
2024111100:09:50,14980,14980,14980,14980,41569500
2024111100:09:51,14975,15015,14975,15015,355044690
2024111100:09:52,15010,15015,15005,15005,169721555
2024111100:09:53,15010,15015,15010,15015,146156010
2024111100:09:54,15015,15020,15010,15015,137116980
2024111100:09:55,15015,15020,15015,15020,65096680
2024111100:09:56,15020,15020,15015,15015,283077795
2024111100:09:57,15015,15020,15010,15015,99984885
2024111100:09:58,15015,15015,15005,15005,363000960
2024111100:09:59,15010,15010,15000,15005,84988320
2024111100:10:00,15005,15010,15000,15005,256615510
2024111100:10:01,15005,15005,14995,14995,120769730
2024111100:10:02,14995,14995,14990,14990,228957260
2024111100:10:03,14995,15010,14995,15010,126264120
2024111100:10:04,15010,15030,15010,15030,241592220
2024111100:10:05,15030,15030,15025,15030,382077630
2024111100:10:06,15030,15030,15025,15030,120059640
2024111100:10:07,15030,15045,15025,15045,282861045
2024111100:10:08,15045,15060,15045,15060,76007820
2024111100:10:09,15060,15100,15060,15100,272902300
2024111100:10:10,15100,15260,15100,15255,439221960
2024111100:10:11,15260,15305,15210,15275,392979925
2024111100:10:12,15275,15275,15225,15235,282136965
2024111100:10:13,15240,15250,15235,15250,92323500
2024111100:10:14,15250,15255,15245,15255,319134600
2024111100:10:15,15255,15265,15255,15260,203843080
2024111100:10:16,15260,15260,15255,15255,196377615
2024111100:10:17,15260,15260,15255,15260,41888700
2024111100:10:18,15255,15255,15245,15250,324169250
2024111100:10:19,15245,15255,15245,15255,75756330
2024111100:10:20,15255,15255,15245,15250,96288500
2024111100:10:21,15255,15255,15245,15250,43310000
2024111100:10:22,15250,15255,15245,15250,193080250
2024111100:10:23,15250,15250,15240,15245,242730890
2024111100:10:24,15245,15245,15240,15245,171719680
2024111100:10:25,15245,15245,15235,15240,99547680
2024111100:10:26,15235,15235,15210,15220,306485140
2024111100:10:27,15220,15265,15215,15265,781980155
2024111100:10:28,15265,15275,15265,15275,420765150
2024111100:10:29,15275,15275,15270,15275,313061125
2024111100:10:30,15275,15275,15265,15275,430418950
2024111100:10:31,15275,15315,15275,15315,1088835240
2024111100:10:32,15315,15330,15315,15330,261606450
2024111100:10:33,15330,15330,15320,15320,313968080
2024111100:10:34,15325,15335,15320,15335,106317555
2024111100:10:35,15335,15495,15335,15495,200350350
2024111100:10:36,15495,16000,15435,15445,209279750
2024111100:10:37,15480,15480,15445,15480,430792920
2024111100:10:38,15475,15485,15470,15485,195560065
2024111100:10:39,15480,15485,15475,15480,201270960
2024111100:10:40,15480,15480,15475,15480,248887440
2024111100:10:41,15480,15480,15470,15475,125285600
2024111100:10:42,15470,15475,15460,15470,400905050
2024111100:10:43,15470,15475,15465,15475,56034975
2024111100:10:44,15470,15475,15465,15475,94304650
2024111100:10:45,15475,15485,15475,15485,219236630
2024111100:10:46,15480,15485,15480,15480,127555200
2024111100:10:47,15480,15485,15470,15470,242956350
2024111100:10:48,15470,15475,15470,15470,27320020
2024111100:10:49,15475,15475,15465,15470,305346860
2024111100:10:50,15470,15480,15470,15475,166232450
2024111100:10:51,15475,15480,15475,15475,85855300
2024111100:10:52,15480,15480,15465,15470,439270650
2024111100:10:53,15470,15475,15465,15470,453240060
2024111100:10:54,15470,15475,15465,15470,106835820
2024111100:10:55,15470,15475,15465,15470,203801780
2024111100:10:56,15465,15470,15465,15465,114781230
2024111100:10:57,15470,15470,15465,15470,112528780
2024111100:10:58,15465,15470,15465,15470,214460610
2024111100:10:59,15470,15475,15465,15465,374809740
2024111100:11:00,15475,15475,15465,15470,87761310
2024111100:11:01,15470,15470,15465,15470,92510600
2024111100:11:02,15470,15470,15465,15470,325179400
2024111100:11:03,15465,15475,15465,15465,373866375
2024111100:11:04,15460,15465,15460,15465,140484060
2024111100:11:05,15465,15470,15460,15465,62756970
2024111100:11:06,15465,15480,15465,15475,98204350
2024111100:11:07,15480,15480,15475,15475,111884250
2024111100:11:08,15475,15485,15470,15485,66523560
2024111100:11:09,15485,15485,15475,15480,136750320
2024111100:11:10,15480,15480,15475,15480,34272720
2024111100:11:11,15480,15480,15475,15480,36393480
2024111100:11:12,15480,15495,15475,15485,80057450
2024111100:11:13,15490,15490,15480,15485,123787090
2024111100:11:14,15490,15490,15480,15485,85848840
2024111100:11:15,15480,15490,15480,15490,147836560
2024111100:11:16,15490,15490,15480,15480,54768240
2024111100:11:17,15485,15490,15485,15485,170969885
2024111100:11:18,15490,15490,15485,15485,29591835
2024111100:11:19,15485,15490,15480,15485,325494700
2024111100:11:20,15485,15495,15485,15490,153629820
2024111100:11:21,15490,15495,15485,15490,81880140
2024111100:11:22,15485,15495,15485,15495,43478970
2024111100:11:23,15495,15500,15485,15495,82851765
2024111100:11:24,15495,15500,15490,15500,10090500
2024111100:11:25,15495,15500,15495,15500,212443000
2024111100:11:26,15500,15510,15500,15505,53678310
2024111100:11:27,15510,15515,15505,15515,130248425
2024111100:11:28,15515,15515,15505,15510,84529500
2024111100:11:29,15510,15515,15505,15510,120295560
2024111100:11:30,15510,15515,15510,15515,16632080
2024111100:11:31,15515,15515,15510,15515,29276805
2024111100:11:32,15515,15515,15505,15510,128469330
2024111100:11:33,15510,15510,15505,15505,160926395
2024111100:11:34,15505,15510,15505,15510,47724270
2024111100:11:35,15505,15510,15500,15510,100442760
2024111100:11:36,15510,15510,15505,15510,43474530
2024111100:11:37,15510,15510,15505,15505,37832200
2024111100:11:38,15510,15510,15500,15505,50127665
2024111100:11:39,15500,15505,15495,15500,159123000
2024111100:11:40,15500,15500,15495,15500,28411500
2024111100:11:41,15500,15500,15500,15500,59458000
2024111100:11:42,15500,15510,15500,15510,15478980
2024111100:11:43,15510,15510,15505,15510,23032350
2024111100:11:44,15510,15515,15510,15510,70260300
2024111100:11:45,15510,15515,15510,15515,47072510
2024111100:11:46,15515,15515,15510,15510,33811800
2024111100:11:47,15515,15515,15510,15510,20426670
2024111100:11:48,15515,15515,15510,15515,229435820
2024111100:11:49,15515,15515,15505,15510,20985030
2024111100:11:50,15510,15510,15505,15510,22939290
2024111100:11:51,15510,15510,15505,15505,37878715
2024111100:11:52,15505,15510,15505,15510,23202960
2024111100:11:53,15510,15510,15505,15510,52532370
2024111100:11:54,15510,15510,15505,15510,69314190
2024111100:11:55,15505,15510,15505,15505,40250980
2024111100:11:56,15510,15510,15505,15510,30988980
2024111100:11:57,15510,15515,15510,15510,28321260
2024111100:11:58,15515,15515,15510,15510,114960120
2024111100:11:59,15510,15515,15510,15515,19673020
2024111100:12:00,15515,15515,15510,15515,18230125
2024111100:12:01,15515,15515,15510,15510,25482930
2024111100:12:02,15515,15515,15515,15515,38678895
2024111100:12:03,15515,15515,15510,15515,45846825
2024111100:12:04,15515,15515,15505,15510,181482510
2024111100:12:05,15505,15510,15505,15510,24474780
2024111100:12:06,15510,15510,15505,15510,94006110
2024111100:12:07,15510,15510,15510,15510,80419350
2024111100:12:08,15510,15515,15510,15515,40370030
2024111100:12:09,15515,15515,15510,15515,26359985
2024111100:12:10,15515,15515,15515,15515,37173940
2024111100:12:11,15510,15515,15510,15510,56099670
2024111100:12:12,15510,15510,15505,15510,53462970
2024111100:12:13,15510,15510,15510,15510,29081250
2024111100:12:14,15510,15515,15505,15515,66962740
2024111100:12:15,15515,15520,15515,15520,100802400
2024111100:12:16,15520,15520,15515,15520,104387520
2024111100:12:17,15520,15520,15510,15520,19182720
2024111100:12:18,15520,15520,15515,15520,15395840
2024111100:12:19,15520,15520,15515,15515,71818935
2024111100:12:20,15520,15520,15515,15520,33864640
2024111100:12:21,15520,15520,15515,15520,95199680
2024111100:12:22,15520,15525,15520,15525,101983725
2024111100:12:23,15525,15530,15520,15525,310251600
2024111100:12:24,15525,15530,15525,15530,159772640
2024111100:12:25,15530,15535,15530,15535,84122025
2024111100:12:26,15530,15535,15530,15535,33928440
2024111100:12:27,15535,15555,15530,15555,46260570
2024111100:12:28,15555,15600,15555,15600,59560800
2024111100:12:29,15600,15620,15595,15620,94344800
2024111100:12:30,15620,15620,15615,15620,62636200
2024111100:12:31,15620,15620,15610,15615,85320360
2024111100:12:32,15615,15620,15615,15620,276833260
2024111100:12:33,15620,15620,15615,15620,96656560
2024111100:12:34,15620,15620,15615,15620,106762700
2024111100:12:35,15620,15620,15610,15620,129349220
2024111100:12:36,15620,15620,15610,15620,247998740
2024111100:12:37,15615,15620,15615,15615,53512605
2024111100:12:38,15615,15620,15610,15615,94876740
2024111100:12:39,15615,15620,15610,15620,50608800
2024111100:12:40,15620,15620,15615,15615,49218480
2024111100:12:41,15620,15620,15615,15615,83540250
2024111100:12:42,15615,15620,15610,15615,36117495
2024111100:12:43,15615,15620,15615,15615,144985275
2024111100:12:44,15615,15615,15610,15615,55870470
2024111100:12:45,15615,15615,15610,15615,73281195
2024111100:12:46,15615,15615,15610,15615,51139125
2024111100:12:47,15615,15615,15610,15610,121492630
2024111100:12:48,15615,15615,15610,15615,57978495
2024111100:12:49,15615,15620,15610,15615,46517085
2024111100:12:50,15615,15615,15610,15615,29262510
2024111100:12:51,15610,15615,15610,15615,83680785
2024111100:12:52,15615,15620,15610,15615,85648275
2024111100:12:53,15615,15640,15615,15635,206772875
2024111100:12:54,15630,15630,15630,15630,23538780
2024111100:12:55,15635,15650,15635,15645,68446875
2024111100:12:56,15645,15650,15645,15645,56509740
2024111100:12:57,15645,15655,15645,15655,132801365
2024111100:12:58,15650,15655,15645,15650,236753200
2024111100:12:59,15650,15655,15645,15655,186811115
2024111100:13:00,15650,15655,15645,15650,249335800
2024111100:13:01,15645,15655,15645,15655,217557535
2024111100:13:02,15650,15655,15645,15645,150614415
2024111100:13:03,15650,15670,15650,15670,247977750
2024111100:13:04,15665,15670,15665,15670,121646210
2024111100:13:05,15670,15670,15665,15670,75090640
2024111100:13:06,15665,15675,15665,15665,138807565
2024111100:13:07,15670,15675,15665,15670,115331200
2024111100:13:08,15670,15675,15665,15670,129465540
2024111100:13:09,15670,15670,15665,15670,75654760
2024111100:13:10,15670,15675,15665,15670,79086490
2024111100:13:11,15670,15670,15665,15670,417715190
2024111100:13:12,15665,15670,15665,15670,40099530
2024111100:13:13,15670,15670,15665,15670,57524570
2024111100:13:14,15670,15670,15665,15665,16166280
2024111100:13:15,15670,15670,15665,15670,203020520
2024111100:13:16,15670,15670,15665,15670,107511870
2024111100:13:17,15670,15670,15665,15670,48075560
2024111100:13:18,15670,15670,15670,15670,92703720
2024111100:13:19,15670,15670,15665,15670,62053200
2024111100:13:20,15665,15670,15665,15670,142126900
2024111100:13:21,15670,15675,15665,15675,223541175
2024111100:13:22,15675,15675,15670,15675,52793400
2024111100:13:23,15675,15675,15670,15675,92843025
2024111100:13:24,15675,15680,15675,15675,120681825
2024111100:13:25,15675,15680,15675,15675,66493350
2024111100:13:26,15680,15680,15675,15680,25887680
2024111100:13:27,15680,15680,15675,15680,176917440
2024111100:13:28,15680,15680,15675,15675,197238525
2024111100:13:29,15675,15675,15670,15670,50112660
2024111100:13:30,15675,15680,15670,15680,47682880
2024111100:13:31,15680,15680,15675,15680,115216640
2024111100:13:32,15675,15675,15670,15675,286366575
2024111100:13:33,15675,15675,15665,15665,285604280
2024111100:13:34,15670,15675,15670,15675,105053850
2024111100:13:35,15675,15675,15655,15655,544747035
2024111100:13:36,15660,15665,15655,15660,181201860
2024111100:13:37,15665,15665,15655,15660,214745580
2024111100:13:38,15660,15665,15655,15665,128969945
2024111100:13:39,15665,15665,15660,15665,96935020
2024111100:13:40,15665,15665,15660,15660,252987300
2024111100:13:41,15660,15665,15645,15645,320331375
2024111100:13:42,15650,15655,15645,15650,195859750
2024111100:13:43,15650,15650,15645,15645,120091020
2024111100:13:44,15650,15655,15650,15655,91284305
2024111100:13:45,15655,15655,15650,15655,104215335
2024111100:13:46,15655,15655,15645,15650,158362350
2024111100:13:47,15650,15655,15650,15650,117954050
2024111100:13:48,15655,15655,15645,15645,21558810
2024111100:13:49,15645,15650,15645,15645,102130560
2024111100:13:50,15650,15650,15635,15635,185696895
2024111100:13:51,15630,15635,15630,15630,387624000
2024111100:13:52,15630,15635,15630,15630,108081450
2024111100:13:53,15630,15640,15630,15640,91056080
2024111100:13:54,15635,15635,15630,15635,99172805
2024111100:13:55,15635,15635,15630,15635,106349270
2024111100:13:56,15635,15635,15630,15635,112822160
2024111100:13:57,15635,15635,15570,15575,473308675
2024111100:13:58,15570,15575,15570,15570,328371300
2024111100:13:59,15575,15575,15570,15575,164736775
2024111100:14:00,15575,15575,15565,15570,200323620
2024111100:14:01,15575,15575,15570,15575,239247575
2024111100:14:02,15570,15580,15555,15555,217661115
2024111100:14:03,15555,15555,15550,15550,156946150
2024111100:14:04,15550,15560,15550,15560,140257840
2024111100:14:05,15555,15555,15530,15550,224899650
2024111100:14:06,15550,15550,15540,15545,96814260
2024111100:14:07,15540,15545,15540,15545,118515080
2024111100:14:08,15545,15545,15540,15540,187334700
2024111100:14:09,15540,15550,15540,15540,191110920
2024111100:14:10,15540,15545,15520,15525,37182375
2024111100:14:11,15520,15525,15515,15520,133378880
2024111100:14:12,15520,15525,15515,15525,131217300
2024111100:14:13,15520,15525,15520,15520,202427360
2024111100:14:14,15520,15520,15515,15515,244593975
2024111100:14:15,15520,15520,15495,15495,300479040
2024111100:14:16,15495,15500,15495,15500,178482500
2024111100:14:17,15500,15500,15495,15500,132618000
2024111100:14:18,15495,15500,15490,15490,145001890
2024111100:14:19,15495,15500,15490,15495,113903745
2024111100:14:20,15495,15495,15490,15495,109441185
2024111100:14:21,15495,15495,15465,15470,357155890
2024111100:14:22,15475,15475,15470,15475,114576900
2024111100:14:23,15475,15475,15470,15470,114555350
2024111100:14:24,15475,15475,15470,15470,103741820
2024111100:14:25,15470,15475,15470,15475,137418000
2024111100:14:26,15475,15475,15470,15475,161791125
2024111100:14:27,15475,15475,15465,15470,193839100
2024111100:14:28,15470,15475,15465,15475,133936125
2024111100:14:29,15475,15480,15470,15475,441052975
2024111100:14:30,15475,15475,15470,15470,166410790
2024111100:14:31,15470,15475,15470,15470,201697860
2024111100:14:32,15470,15480,15470,15480,39535920
2024111100:14:33,15475,15480,15470,15470,211320200
2024111100:14:34,15470,15475,15470,15475,211713475
2024111100:14:35,15470,15475,15470,15475,131692250
2024111100:14:36,15475,15475,15455,15460,393503380
2024111100:14:37,15460,15465,15455,15460,115501660
2024111100:14:38,15460,15460,15455,15455,104475800
2024111100:14:39,15455,15460,15455,15460,111945860
2024111100:14:40,15455,15465,15455,15460,246308720
2024111100:14:41,15460,15460,15450,15460,198939280
2024111100:14:42,15460,15460,15455,15455,103471225
2024111100:14:43,15455,15460,15455,15460,112610640
2024111100:14:44,15460,15460,15455,15460,130049520
2024111100:14:45,15460,15465,15460,15465,129457515
2024111100:14:46,15460,15465,15460,15460,114295780
2024111100:14:47,15460,15465,15455,15460,151260640
2024111100:14:48,15460,15465,15455,15460,88245680
2024111100:14:49,15460,15460,15450,15460,114264860
2024111100:14:50,15460,15460,15455,15455,125510055
2024111100:14:51,15460,15460,15455,15455,89345355
2024111100:14:52,15455,15460,15455,15460,153919760
2024111100:14:53,15455,15460,15455,15460,89652540
2024111100:14:54,15460,15460,15455,15455,251375575
2024111100:14:55,15455,15465,15455,15465,547043445
2024111100:14:56,15460,15465,15455,15460,496544280
2024111100:14:57,15460,15465,15460,15465,442793880
2024111100:14:58,15460,15465,15450,15450,593449950
2024111100:14:59,15450,15455,15450,15450,528544500
2024111100:15:00,15450,15455,15445,15445,454391900
2024111100:15:01,15445,15455,15420,15420,833343060
2024111100:15:02,15415,15420,15370,15375,612463125
2024111100:15:03,15375,15380,15370,15370,523994040
2024111100:15:04,15370,15375,15365,15370,642343040
2024111100:15:05,15370,15370,15350,15355,620603035
2024111100:15:06,15350,15355,15350,15355,424289360
2024111100:15:07,15355,15355,15325,15335,595933435
2024111100:15:08,15330,15330,15325,15330,777920850
2024111100:15:09,15330,15330,15325,15330,451483830
2024111100:15:10,15330,15335,15325,15330,625893240
2024111100:15:11,15330,15335,15330,15335,605057760
2024111100:15:12,15330,15330,15315,15320,555457240
2024111100:15:13,15315,15320,15315,15315,552029175
2024111100:15:14,15315,15325,15315,15320,599854600
2024111100:15:15,15325,15325,15320,15320,1560142840
2024111100:15:16,15315,15380,15315,15380,563077180
2024111100:15:17,15380,15420,15380,15415,370514940
2024111100:15:18,15420,15465,15420,15465,120642465
2024111100:15:19,15465,15540,15465,15540,439750920
2024111100:15:20,15540,15600,15535,15600,1440160800
2024111100:15:30,15600,15600,15600,15600,566701200
2024111200:09:01,16950,16955,16655,16885,1584437745
2024111200:09:02,16730,16900,16670,16840,1000110760
2024111200:09:03,16840,16840,16795,16795,634951770
2024111200:09:04,16795,16800,16750,16760,371619480
2024111200:09:05,16755,16770,16745,16765,524526555
2024111200:09:06,16760,16770,16760,16765,645268085
2024111200:09:07,16770,16790,16765,16790,316743350
2024111200:09:08,16790,16810,16785,16810,763728730
2024111200:09:09,16805,16810,16800,16810,758988310
2024111200:09:10,16810,16840,16805,16840,333583560
2024111200:09:11,16840,16870,16840,16865,696001685
2024111200:09:12,16870,16875,16865,16870,446413940
2024111200:09:13,16875,16890,16865,16880,276595680
2024111200:09:14,16885,16935,16880,16930,244587710
2024111200:09:15,16935,16970,16935,16970,845716920
2024111200:09:16,16970,17105,16970,17100,856829700
2024111200:09:17,17100,17260,17095,17250,718100250
2024111200:09:18,17250,17260,17220,17250,683272500
2024111200:09:19,17245,17250,17200,17205,593417655
2024111200:09:20,17205,17205,17185,17185,475526135
2024111200:09:21,17185,17190,17100,17100,482356800
2024111200:09:22,17100,17105,17000,17010,233683380
2024111200:09:23,17005,17075,17000,17050,285468150
2024111200:09:24,17050,17140,17050,17125,287494500
2024111200:09:25,17120,17205,17120,17205,393357915
2024111200:09:26,17210,17220,17200,17220,521197740
2024111200:09:27,17220,17230,17190,17205,424498965
2024111200:09:28,17205,17205,17160,17160,337811760
2024111200:09:29,17170,17175,17110,17120,180461920
2024111200:09:30,17120,17120,17105,17115,243289725
2024111200:09:31,17115,17115,17105,17110,138009260
2024111200:09:32,17105,17140,17105,17125,124310375
2024111200:09:33,17140,17170,17140,17170,342369800
2024111200:09:34,17170,17175,17160,17170,231279900
2024111200:09:35,17170,17180,17170,17180,206228720
2024111200:09:36,17180,17185,17175,17185,252172690
2024111200:09:37,17180,17185,17175,17180,281391220
2024111200:09:38,17180,17185,17175,17180,122785460
2024111200:09:39,17180,17185,17175,17180,119297920
2024111200:09:40,17180,17185,17175,17180,244419860
2024111200:09:41,17180,17180,17170,17170,188784150
2024111200:09:42,17175,17175,17165,17170,103277550
2024111200:09:43,17170,17175,17155,17175,153046425
2024111200:09:44,17170,17175,17165,17175,202458900
2024111200:09:45,17180,17190,17175,17185,775438755
2024111200:09:46,17190,17190,17170,17175,225353175
2024111200:09:47,17175,17175,17170,17175,316432200
2024111200:09:48,17175,17185,17170,17175,201565800
2024111200:09:49,17175,17180,17175,17180,148383660
2024111200:09:50,17180,17185,17175,17185,308917560
2024111200:09:51,17185,17185,17180,17180,232101800
2024111200:09:52,17185,17190,17180,17190,103157190
2024111200:09:53,17190,17200,17190,17200,183059600
2024111200:09:54,17200,17200,17195,17200,221054400
2024111200:09:55,17205,17215,17200,17215,121176385
2024111200:09:56,17215,17230,17215,17230,114510580
2024111200:09:57,17225,17230,17225,17225,173094025
2024111200:09:58,17230,17230,17225,17230,297562100
2024111200:09:59,17235,17250,17230,17250,316296000
2024111200:10:00,17250,17250,17240,17240,106267360
2024111200:10:01,17245,17245,17215,17225,529617075
2024111200:10:02,17215,17215,17180,17185,278843810
2024111200:10:03,17185,17190,17180,17190,133531920
2024111200:10:04,17190,17200,17185,17195,153568545
2024111200:10:05,17195,17245,17190,17245,242050820
2024111200:10:06,17225,17245,17225,17240,113611600
2024111200:10:07,17240,17250,17240,17245,169018245
2024111200:10:08,17245,17250,17245,17250,217574250
2024111200:10:09,17250,17335,17245,17335,600432395
2024111200:10:10,17335,17390,17335,17390,185986050
2024111200:10:11,17395,17400,17380,17400,872383800
2024111200:10:12,17405,17530,17405,17530,746304690
2024111200:10:13,17525,17580,17520,17580,371008320
2024111200:10:14,17585,17595,17555,17575,695829400
2024111200:10:15,17580,17580,17570,17575,608481650
2024111200:10:16,17575,17660,17570,17660,325932960
2024111200:10:17,17655,17660,17630,17650,434437100
2024111200:10:18,17645,17775,17645,17750,330380750
2024111200:10:19,17770,17825,17770,17825,253667575
2024111200:10:20,17825,17855,17820,17855,690845660
2024111200:10:21,17855,17880,17855,17880,347515680
2024111200:10:22,17880,17880,17850,17850,774136650
2024111200:10:23,17845,17850,17820,17840,326400640
2024111200:10:24,17840,17840,17805,17810,641836780
2024111200:10:25,17805,17805,17655,17655,795092925
2024111200:10:26,17685,17685,17580,17580,194522700
20241112102538,7274574,6619236,4391004,3276851,26414761448020
20241112102639,16950,17880,16655,17545,34818526215
20241112102742,16950,17880,16655,17555,35443825880
20241112102843,16950,17880,16655,17750,36216035000
